{
    "accuracy": 0.7696917808219178,
    "precision": 0.7380952380952381,
    "recall": 0.8360445205479452,
    "f1_score": 0.7840224809313528,
    "auc": 0.8438327393448584,
    "confusion_matrix": [
        [
            1643,
            693
        ],
        [
            383,
            1953
        ]
    ],
    "classification_report": {
        "Not Fraud": {
            "precision": 0.8109575518262586,
            "recall": 0.7033390410958904,
            "f1-score": 0.7533241632278771,
            "support": 2336.0
        },
        "Fraud": {
            "precision": 0.7380952380952381,
            "recall": 0.8360445205479452,
            "f1-score": 0.7840224809313528,
            "support": 2336.0
        },
        "accuracy": 0.7696917808219178,
        "macro avg": {
            "precision": 0.7745263949607484,
            "recall": 0.7696917808219178,
            "f1-score": 0.7686733220796149,
            "support": 4672.0
        },
        "weighted avg": {
            "precision": 0.7745263949607484,
            "recall": 0.7696917808219178,
            "f1-score": 0.7686733220796149,
            "support": 4672.0
        }
    },
    "class_weights": [
        1.0,
        1.0
    ],
    "class_distribution": {
        "not_fraud": 2336,
        "fraud": 2336
    },
    "timestamp": "2025-03-27 08:24:05"
}